{
	"sources" : 
	[
		{
			"file" : "/Users/vtech/CodeWorkspaces/C++/qr_code_scanner/custom_build/build/zxing-android-armeabi-v7a/_deps/stb-subbuild/CMakeFiles/stb-populate"
		},
		{
			"file" : "/Users/vtech/CodeWorkspaces/C++/qr_code_scanner/custom_build/build/zxing-android-armeabi-v7a/_deps/stb-subbuild/CMakeFiles/stb-populate.rule"
		},
		{
			"file" : "/Users/vtech/CodeWorkspaces/C++/qr_code_scanner/custom_build/build/zxing-android-armeabi-v7a/_deps/stb-subbuild/CMakeFiles/stb-populate-complete.rule"
		},
		{
			"file" : "/Users/vtech/CodeWorkspaces/C++/qr_code_scanner/custom_build/build/zxing-android-armeabi-v7a/_deps/stb-subbuild/stb-populate-prefix/src/stb-populate-stamp/stb-populate-build.rule"
		},
		{
			"file" : "/Users/vtech/CodeWorkspaces/C++/qr_code_scanner/custom_build/build/zxing-android-armeabi-v7a/_deps/stb-subbuild/stb-populate-prefix/src/stb-populate-stamp/stb-populate-configure.rule"
		},
		{
			"file" : "/Users/vtech/CodeWorkspaces/C++/qr_code_scanner/custom_build/build/zxing-android-armeabi-v7a/_deps/stb-subbuild/stb-populate-prefix/src/stb-populate-stamp/stb-populate-download.rule"
		},
		{
			"file" : "/Users/vtech/CodeWorkspaces/C++/qr_code_scanner/custom_build/build/zxing-android-armeabi-v7a/_deps/stb-subbuild/stb-populate-prefix/src/stb-populate-stamp/stb-populate-install.rule"
		},
		{
			"file" : "/Users/vtech/CodeWorkspaces/C++/qr_code_scanner/custom_build/build/zxing-android-armeabi-v7a/_deps/stb-subbuild/stb-populate-prefix/src/stb-populate-stamp/stb-populate-mkdir.rule"
		},
		{
			"file" : "/Users/vtech/CodeWorkspaces/C++/qr_code_scanner/custom_build/build/zxing-android-armeabi-v7a/_deps/stb-subbuild/stb-populate-prefix/src/stb-populate-stamp/stb-populate-patch.rule"
		},
		{
			"file" : "/Users/vtech/CodeWorkspaces/C++/qr_code_scanner/custom_build/build/zxing-android-armeabi-v7a/_deps/stb-subbuild/stb-populate-prefix/src/stb-populate-stamp/stb-populate-test.rule"
		},
		{
			"file" : "/Users/vtech/CodeWorkspaces/C++/qr_code_scanner/custom_build/build/zxing-android-armeabi-v7a/_deps/stb-subbuild/stb-populate-prefix/src/stb-populate-stamp/stb-populate-update.rule"
		}
	],
	"target" : 
	{
		"labels" : 
		[
			"stb-populate"
		],
		"name" : "stb-populate"
	}
}